model,alert_id,reasoning,first_pass_hallucination,first_pass_explanation,final_hallucination_1to5,final_explanation_1to5,hallucination_check,explanation_check
qwen,A-001,6 failed logons followed by a successful logon for a non-privileged user from a low-criticality workstation. No additional threat intelligence or related alerts.,5,3,5,3,"All facts match (6 failed logons, non-privileged, low-criticality, no intel, no related alerts).",Lists benign context but never says why analyst review is the route.
qwen,A-002,"Login from new geography (Romania) with MFA approval, user normally logs in from India. IP 198.51.100.77 is suspicious and linked to credential-stuffing.",5,4,5,4,"Romania, MFA approval, usual country India, suspicious IP and credential-stuffing link all in evidence.",Cites the decisive facts and the mitigating MFA approval; reason for review over escalation implicit.
qwen,A-003,"Mass file renaming, shadow copy deletion, and outbound connection to a known malicious C2 server. Ransomware hash detected. Critical file server with financial data compromised.",4,5,4,5,'Financial data compromised' states a consequence as fact; evidence shows renaming on a server holding financial records.,"Cites behaviour, malicious C2, malicious hash and asset criticality; route follows clearly."
qwen,A-004,EICAR test file detected and quarantined; no execution occurred. Source IP has unknown reputation but no other indicators of compromise.,5,4,5,4,"EICAR, quarantine, no execution and unknown IP reputation all supported.",Good context; omits the benign hash reputation and low criticality.
qwen,A-005,"Base64-encoded PowerShell command executed by a privileged user via scheduled task, contacting an internal file share. No external connections or known malicious indicators.",5,4,5,4,"Encoded command, privileged user, scheduled task, internal share, no external connections all supported.",Weighs risk and mitigating facts; reason for review rather than closure implicit.
qwen,A-006,"CFO's account compromised with impossible travel, new MFA device, and forwarding rule. Malicious IP linked to phishing kits. Critical asset and VIP user.",4,4,4,5,'CFO's account compromised' states compromise as fact; evidence supports strong indicators of compromise.,"Cites impossible travel, MFA device, forwarding rule, malicious IP, VIP and critical asset."
qwen,A-007,"The domain 'login-portal-example.invalid' is flagged as malicious and recently registered, indicating a high likelihood of a phishing attempt. The user submitted credentials, posing a significant risk.",5,4,5,4,"Malicious, recently registered domain and credential submission supported; 'high likelihood of phishing' is a reasonable inference.",Evidence plus inference plus risk; omits the host's confidential data.
qwen,A-008,Port scan is from an approved scanner during the scheduled weekly scan window. No known threats or high-risk indicators.,5,4,5,5,"Approved scanner, scheduled window and no threats supported (alert at 01:00 Monday falls in the Sunday-Monday window).","Clear: names scanner, window and absence of threats."
qwen,A-009,"User lgomes uploaded a large amount of data to a personal cloud service, and has recently submitted a resignation notice. This suggests potential data exfiltration.",5,4,5,3,"Large upload, personal cloud and resignation notice supported; 'potential exfiltration' is hedged.",Gives only the evidence for escalation; ignores the weak domain reputation and absence of related alerts.
llama,A-001,"Multiple failed logins followed by success, but no malicious indicators",5,2,5,2,Both statements supported.,Single fragment; does not justify review.
llama,A-002,Login from new geography with suspicious IP,5,2,5,3,Supported.,"Two decisive facts, no reasoning."
llama,A-003,Malicious hash and dest_ip indicate ransomware (threat.indicators),5,3,5,3,Supported; field named (threat.indicators).,Cites the key indicators with field names; omits behaviour and asset criticality.
llama,A-004,"EICAR test file detected, benign hash reputation",5,3,5,3,Supported.,Gives the decisive fact (benign hash) only.
llama,A-005,"Encoded PowerShell command on internal host with no external connections, but launched by privileged user.",5,3,5,3,Supported.,Weighs the mitigating and aggravating fact in one line.
llama,A-006,"Malicious src_ip, impossible travel, new MFA device, and email forwarding rule (alert.description, threat.indicators)",5,3,5,3,Supported; fields named.,Cites the key signals with fields; omits asset and VIP context.
llama,A-007,Malicious domain reputation (0.9 confidence) and credential submission,5,3,5,3,"Supported, including the 0.9 confidence.",Two decisive facts only.
llama,A-008,Alert matches scheduled weekly scan window and source is an approved scanner (asset.host_context.type),5,4,5,4,Supported; field named (asset.host_context.type).,Gives reason and cites field; does not state the absence of threats.
llama,A-009,Large upload to personal storage by user with submitted resignation notice,5,2,5,3,Supported.,"Two facts, no reasoning."
mistral,A-001,Multiple failed logins followed by a success on a low-criticality workstation. No related alerts or indicators. User is non-privileged.,5,3,5,3,All facts match.,Lists facts but does not say why review is the route.
mistral,A-002,Suspicious IP with VPN login from new geography. No travel record. IP seen in credential-stuffing reports.,5,4,5,4,"Supported, including 'no travel record'.",Cites three decisive facts.
mistral,A-003,"Mass file renaming, shadow copy deletion, and outbound connection to known ransomware C2. Malicious hash detected. Critical asset involved.",5,4,5,4,Supported.,"Cites behaviour, malicious C2, hash and critical asset; terse."
mistral,A-004,"EICAR test file detected, no execution, low criticality asset, benign hash.",5,4,5,4,Supported.,"Cites execution, criticality and hash reputation."
mistral,A-005,PowerShell command launched by privileged user. No external connections. No related alerts or threat intelligence. Missing hash and domain evidence.,5,3,5,3,"Supported, including missing hash and domain.",Lists facts; omits that the command was encoded or scheduled.
mistral,A-006,"Impossible travel, new MFA device, and email forwarding by a VIP user from a malicious IP. Critical asset and user role.",5,4,5,4,Supported.,"Cites key signals, VIP and critical asset."
mistral,A-007,Credentials submitted to a malicious domain. Domain is known for credential harvesting. No related alerts. Missing dest_ip and hash.,5,3,5,3,"Supported, including 'known for credential harvesting'.","Evidence points to escalation but the route is analyst review, and the reasoning does not explain the gap."
mistral,A-008,Scheduled port scan by approved scanner during maintenance window. No related alerts or malicious indicators.,5,4,5,5,Supported.,"Clear: scanner, window, no related alerts or indicators."
mistral,A-009,User with access to confidential data uploaded large file to personal cloud after submitting resignation. No related alerts or malicious indicators found.,5,4,5,4,Supported ('large file' is a mild paraphrase of 2.3 GB).,Weighs evidence for and against; route matches.
